{"GeoLocation[lat\u003d50.410478, lon\u003d9.963018]":1.1589877746810016,"GeoLocation[lat\u003d49.802661, lon\u003d9.563591]":1.1643351971439475,"GeoLocation[lat\u003d49.713687, lon\u003d9.519325]":1.2192437753582561,"GeoLocation[lat\u003d50.060978, lon\u003d10.247758]":1.119798201369697,"GeoLocation[lat\u003d50.292649, lon\u003d10.25861]":1.0788983564841395,"GeoLocation[lat\u003d49.51314, lon\u003d10.007363]":1.1475601370295212,"GeoLocation[lat\u003d49.735469, lon\u003d10.109597]":1.097696895262581,"GeoLocation[lat\u003d49.504444, lon\u003d9.083429]":1.2134300037809624,"GeoLocation[lat\u003d49.792131, lon\u003d9.916178]":1.1313201869211067,"GeoLocation[lat\u003d50.409047, lon\u003d9.171133]":1.1942363280875763,"GeoLocation[lat\u003d49.55269, lon\u003d9.871058]":1.1252898456444371,"GeoLocation[lat\u003d49.614931, lon\u003d9.100648]":1.261388976231959,"GeoLocation[lat\u003d49.52163, lon\u003d9.77162]":1.195240825449436,"GeoLocation[lat\u003d49.620761, lon\u003d9.518417]":1.1211065173391104,"GeoLocation[lat\u003d49.817977, lon\u003d10.317902]":1.0958696942907948,"GeoLocation[lat\u003d50.541785, lon\u003d9.034266]":1.2163435682256931,"GeoLocation[lat\u003d50.463498, lon\u003d9.201704]":1.2308516974091754,"GeoLocation[lat\u003d50.357439, lon\u003d8.979451]":1.2163435682256931,"GeoLocation[lat\u003d49.49137, lon\u003d9.432479]":1.1869156234045473,"GeoLocation[lat\u003d49.942426, lon\u003d9.215753]":1.2223772312791625,"GeoLocation[lat\u003d49.860325, lon\u003d10.212903]":1.1531738974232904,"GeoLocation[lat\u003d50.282159, lon\u003d9.902078]":1.126741555740596,"GeoLocation[lat\u003d49.891167, lon\u003d10.54669]":1.2075891307209092,"GeoLocation[lat\u003d49.828359, lon\u003d9.207783]":1.2664305726688785,"GeoLocation[lat\u003d50.093634, lon\u003d9.898744]":1.2084650795353378,"GeoLocation[lat\u003d50.041763, lon\u003d10.517031]":1.1719728420661022,"GeoLocation[lat\u003d49.6842, lon\u003d10.32385]":1.1012409311074929,"GeoLocation[lat\u003d50.430437, lon\u003d10.416815]":1.2589056864551098,"GeoLocation[lat\u003d50.258766, lon\u003d9.864281]":1.3121153392883729,"GeoLocation[lat\u003d49.714218, lon\u003d9.50473]":1.2573331044356344,"GeoLocation[lat\u003d50.137273, lon\u003d10.197542]":1.2245701175276116,"GeoLocation[lat\u003d49.635672, lon\u003d10.110934]":1.0963211636640622,"GeoLocation[lat\u003d49.724419, lon\u003d9.371645]":1.2174016602319866,"GeoLocation[lat\u003d49.729318, lon\u003d10.207099]":1.1122258951467756,"GeoLocation[lat\u003d49.935503, lon\u003d9.417579]":1.2665030203676746,"GeoLocation[lat\u003d50.032977, lon\u003d10.510137]":1.179928634191665,"GeoLocation[lat\u003d50.414755, lon\u003d9.143943]":1.2165937408653846,"GeoLocation[lat\u003d50.322602, lon\u003d10.304268]":1.1753866758411498,"GeoLocation[lat\u003d50.204062, lon\u003d9.190949]":1.2135816087613827,"GeoLocation[lat\u003d49.772149, lon\u003d9.954811]":1.1911419609925862,"GeoLocation[lat\u003d49.69321, lon\u003d10.834291]":1.14012526179501,"GeoLocation[lat\u003d50.265157, lon\u003d9.191956]":1.3110525415605696,"GeoLocation[lat\u003d49.49207, lon\u003d9.763354]":1.1385617183842995,"GeoLocation[lat\u003d50.127024, lon\u003d10.004586]":1.2546975040019326,"GeoLocation[lat\u003d50.534322, lon\u003d9.509565]":1.1942363280875763,"GeoLocation[lat\u003d50.195015, lon\u003d9.204873]":1.2845333064110425,"GeoLocation[lat\u003d50.525505, lon\u003d9.006435]":1.2429781919122058,"GeoLocation[lat\u003d50.328496, lon\u003d10.225672]":1.1492478156005947,"GeoLocation[lat\u003d49.657643, lon\u003d9.578954]":1.1385617183842995,"GeoLocation[lat\u003d49.778248, lon\u003d9.854407]":1.1869156234045473,"GeoLocation[lat\u003d50.295024, lon\u003d10.279447]":1.0788983564841395,"GeoLocation[lat\u003d49.751242, lon\u003d10.260819]":1.097696895262581,"GeoLocation[lat\u003d50.089849, lon\u003d9.093355]":1.1643351971439475,"GeoLocation[lat\u003d49.577386, lon\u003d10.878555]":1.1511890378578513,"GeoLocation[lat\u003d50.382874, lon\u003d10.258628]":1.1492478156005947,"GeoLocation[lat\u003d50.248531, lon\u003d9.138876]":1.3044393354172523,"GeoLocation[lat\u003d50.050093, lon\u003d9.567406]":1.2218922053781125,"GeoLocation[lat\u003d49.516819, lon\u003d10.758856]":1.1159769502897472,"GeoLocation[lat\u003d50.38317, lon\u003d10.324972]":1.227127279168526,"GeoLocation[lat\u003d50.119985, lon\u003d10.352461]":1.2709221754152984,"GeoLocation[lat\u003d49.624756, lon\u003d9.475227]":1.1655889432481326,"GeoLocation[lat\u003d49.755741, lon\u003d9.500775]":1.1151480604348039,"GeoLocation[lat\u003d50.445841, lon\u003d9.267741]":1.26737671257122,"GeoLocation[lat\u003d49.686436, lon\u003d10.456735]":1.2099807484596623,"GeoLocation[lat\u003d49.971109, lon\u003d10.786133]":1.1636097883764374,"GeoLocation[lat\u003d50.265933, lon\u003d9.807998]":1.126741555740596,"GeoLocation[lat\u003d50.120904, lon\u003d9.178668]":1.251044893600272,"GeoLocation[lat\u003d49.797484, lon\u003d10.220642]":1.1026064803912081,"GeoLocation[lat\u003d49.488536, lon\u003d9.735372]":1.2263777641382303,"GeoLocation[lat\u003d50.234635, lon\u003d9.088666]":1.2816603876527786,"GeoLocation[lat\u003d50.185547, lon\u003d9.135754]":1.130852649557693,"GeoLocation[lat\u003d50.063267, lon\u003d10.227265]":1.1407451138594131,"GeoLocation[lat\u003d50.102424, lon\u003d9.647914]":1.1585612063170716,"GeoLocation[lat\u003d50.015052, lon\u003d9.778413]":1.2132334355574868,"GeoLocation[lat\u003d49.517923, lon\u003d9.305389]":1.1211065173391104,"GeoLocation[lat\u003d50.307621, lon\u003d9.175813]":1.2686860204160417,"GeoLocation[lat\u003d50.533335, lon\u003d10.745236]":1.2569419267808488,"GeoLocation[lat\u003d49.969897, lon\u003d9.200612]":1.2225816678425696,"GeoLocation[lat\u003d50.280537, lon\u003d9.776791]":1.2540521311196438,"GeoLocation[lat\u003d50.110563, lon\u003d9.271709]":1.2427031161373898,"GeoLocation[lat\u003d50.044711, lon\u003d8.988805]":1.2429456604612021,"GeoLocation[lat\u003d49.787872, lon\u003d9.932646]":1.0963211636640622,"GeoLocation[lat\u003d50.478179, lon\u003d10.512264]":1.1719728420661022,"GeoLocation[lat\u003d49.738646, lon\u003d9.960463]":1.1579410697115309,"GeoLocation[lat\u003d50.088144, lon\u003d9.081624]":1.2125312766930085,"GeoLocation[lat\u003d49.812789, lon\u003d9.253276]":1.2802796175839548,"GeoLocation[lat\u003d50.217516, lon\u003d10.6269]":1.1589877746810016,"GeoLocation[lat\u003d49.951718, lon\u003d9.669431]":1.1616397563333623,"GeoLocation[lat\u003d49.850367, lon\u003d9.274804]":1.2401256316012192,"GeoLocation[lat\u003d49.989242, lon\u003d10.590791]":1.1804792836034095,"GeoLocation[lat\u003d50.311235, lon\u003d9.047823]":1.2231544981904694,"GeoLocation[lat\u003d49.66791, lon\u003d9.315217]":1.2802039166969914,"GeoLocation[lat\u003d49.801226, lon\u003d9.878271]":1.1346629818427623,"GeoLocation[lat\u003d50.118188, lon\u003d10.271951]":1.140674313665192,"GeoLocation[lat\u003d50.198797, lon\u003d10.085223]":1.2268226207127795,"GeoLocation[lat\u003d49.687057, lon\u003d9.004557]":1.2587420005483807,"GeoLocation[lat\u003d49.843225, lon\u003d10.299964]":1.0958696942907948,"GeoLocation[lat\u003d50.558264, lon\u003d10.289659]":1.1943245056637914,"GeoLocation[lat\u003d50.160709, lon\u003d9.261807]":1.2199705583992313,"GeoLocation[lat\u003d50.188582, lon\u003d9.199582]":1.130852649557693,"GeoLocation[lat\u003d49.696319, lon\u003d9.398642]":1.1151480604348039,"GeoLocation[lat\u003d49.96793, lon\u003d9.784578]":1.1361393901601353,"GeoLocation[lat\u003d49.795982, lon\u003d9.972331]":1.003796729195408,"GeoLocation[lat\u003d50.452727, lon\u003d9.791845]":1.1737747923920403,"GeoLocation[lat\u003d49.605341, lon\u003d9.293709]":1.2125312766930085,"GeoLocation[lat\u003d50.408997, lon\u003d9.097938]":1.2506217508817081,"GeoLocation[lat\u003d49.494021, lon\u003d9.8167]":1.1252898456444371,"GeoLocation[lat\u003d49.831659, lon\u003d9.872393]":1.1299279188327467,"GeoLocation[lat\u003d49.629013, lon\u003d10.439329]":1.1205382510363302,"GeoLocation[lat\u003d50.05905, lon\u003d10.216667]":1.158728037238684,"GeoLocation[lat\u003d49.796102, lon\u003d9.974155]":1.003796729195408,