{"GeoLocation[lat\u003d49.678849, lon\u003d9.010668]":1.1631142393664695,"GeoLocation[lat\u003d49.624629, lon\u003d9.671682]":1.10194100938411,"GeoLocation[lat\u003d50.15814, lon\u003d9.047003]":1.1486465098361538,"GeoLocation[lat\u003d49.755977, lon\u003d10.619178]":1.090082240063889,"GeoLocation[lat\u003d49.861024, lon\u003d9.301474]":1.219087230873685,"GeoLocation[lat\u003d50.260262, lon\u003d10.849718]":1.0614564793514192,"GeoLocation[lat\u003d50.498798, lon\u003d9.946567]":1.2310325219340872,"GeoLocation[lat\u003d49.870262, lon\u003d9.492276]":1.1775038546876786,"GeoLocation[lat\u003d49.983302, lon\u003d9.279115]":1.1398445570897782,"GeoLocation[lat\u003d50.346154, lon\u003d9.272188]":1.2058741601340541,"GeoLocation[lat\u003d50.002773, lon\u003d9.060625]":1.1104257975899945,"GeoLocation[lat\u003d50.502821, lon\u003d9.132215]":1.2300620970421854,"GeoLocation[lat\u003d50.209803, lon\u003d9.464869]":1.200574493224536,"GeoLocation[lat\u003d49.91173, lon\u003d10.38951]":1.1883915075757736,"GeoLocation[lat\u003d49.964923, lon\u003d9.210503]":1.1404382400283204,"GeoLocation[lat\u003d50.074434, lon\u003d10.69134]":1.2387064605209568,"GeoLocation[lat\u003d50.016989, lon\u003d10.217221]":1.101948085857367,"GeoLocation[lat\u003d49.83441, lon\u003d10.226841]":1.1022320404501238,"GeoLocation[lat\u003d49.866444, lon\u003d9.992151]":1.0507359513347496,"GeoLocation[lat\u003d49.909848, lon\u003d9.822536]":1.1336240000299762,"GeoLocation[lat\u003d49.971535, lon\u003d9.846342]":1.1358106982880958,"GeoLocation[lat\u003d49.862795, lon\u003d9.901861]":1.1848713098573525,"GeoLocation[lat\u003d50.094304, lon\u003d10.14757]":1.11598282777392,"GeoLocation[lat\u003d49.632607, lon\u003d9.490787]":1.142919267872085,"GeoLocation[lat\u003d49.89569, lon\u003d10.01112]":1.2193640897448241,"GeoLocation[lat\u003d49.7569, lon\u003d10.237209]":1.1073094879273626,"GeoLocation[lat\u003d49.967485, lon\u003d8.97895]":1.148454737714162,"GeoLocation[lat\u003d49.729007, lon\u003d10.185474]":1.0873302604719524,"GeoLocation[lat\u003d50.257832, lon\u003d9.2967]":1.19484518041492,"GeoLocation[lat\u003d49.78061, lon\u003d9.418379]":1.2256618115120872,"GeoLocation[lat\u003d50.544085, lon\u003d10.06672]":1.1144408042932545,"GeoLocation[lat\u003d49.505897, lon\u003d9.82613]":1.1023130957988627,"GeoLocation[lat\u003d50.049611, lon\u003d10.200941]":1.0976440640788834,"GeoLocation[lat\u003d50.494786, lon\u003d10.061334]":1.2347156471235878,"GeoLocation[lat\u003d49.759219, lon\u003d10.400835]":1.1019851569411405,"GeoLocation[lat\u003d50.256264, lon\u003d10.855854]":1.0614564793514192,"GeoLocation[lat\u003d50.353387, lon\u003d10.54008]":1.1948916839702801,"GeoLocation[lat\u003d50.032045, lon\u003d10.23514]":1.0995064412590239,"GeoLocation[lat\u003d50.485736, lon\u003d9.910869]":1.1883884339600976,"GeoLocation[lat\u003d49.594388, lon\u003d10.559044]":1.09182772495989,"GeoLocation[lat\u003d49.598924, lon\u003d9.131253]":1.2971969679634752,"GeoLocation[lat\u003d50.200029, lon\u003d9.280982]":1.1486781918652587,"GeoLocation[lat\u003d50.485558, lon\u003d9.264736]":1.2067409355708494,"GeoLocation[lat\u003d50.143026, lon\u003d9.141237]":1.1343932575844369,"GeoLocation[lat\u003d50.516744, lon\u003d9.124522]":1.250316172686698,"GeoLocation[lat\u003d50.562528, lon\u003d9.345226]":1.19484518041492,"GeoLocation[lat\u003d50.564421, lon\u003d9.685582]":1.1488492559945707,"GeoLocation[lat\u003d50.537293, lon\u003d8.986892]":1.249575501055091,"GeoLocation[lat\u003d50.188922, lon\u003d9.109651]":1.1405349990184546,"GeoLocation[lat\u003d49.748309, lon\u003d9.026822]":1.2396765622018857,"GeoLocation[lat\u003d49.963719, lon\u003d10.047944]":1.1350156849551911,"GeoLocation[lat\u003d49.974998, lon\u003d9.774984]":1.149489361718573,"GeoLocation[lat\u003d50.311932, lon\u003d9.797723]":1.1950426850404057,"GeoLocation[lat\u003d49.554384, lon\u003d9.493315]":1.2013343942940766,"GeoLocation[lat\u003d49.643277, lon\u003d10.266352]":1.1787036708102112,"GeoLocation[lat\u003d49.998924, lon\u003d9.209271]":1.120517043904326,"GeoLocation[lat\u003d49.495465, lon\u003d10.806394]":1.1215065732406233,"GeoLocation[lat\u003d49.709639, lon\u003d10.284219]":1.0892769436072074,"GeoLocation[lat\u003d50.178558, lon\u003d9.118028]":1.1830954221967598,"GeoLocation[lat\u003d49.587859, lon\u003d10.608182]":1.1110227199094211,"GeoLocation[lat\u003d49.671658, lon\u003d9.012762]":1.1391793785108382,"GeoLocation[lat\u003d50.060914, lon\u003d10.184572]":1.1014521591883262,"GeoLocation[lat\u003d49.596454, lon\u003d9.686037]":1.1041214230482022,"GeoLocation[lat\u003d50.356236, lon\u003d10.329244]":1.1844785237553055,"GeoLocation[lat\u003d49.501918, lon\u003d10.01578]":1.0585869054202635,"GeoLocation[lat\u003d49.986745, lon\u003d9.2575]":1.1274526419753652,"GeoLocation[lat\u003d49.860714, lon\u003d10.405837]":1.1290681837051626,"GeoLocation[lat\u003d50.282903, lon\u003d9.798048]":1.2143698874021336,"GeoLocation[lat\u003d50.02942, lon\u003d9.357507]":1.2675975691189565,"GeoLocation[lat\u003d49.721878, lon\u003d9.069538]":1.280534462978723,"GeoLocation[lat\u003d49.515158, lon\u003d10.622575]":1.1688997731488653,"GeoLocation[lat\u003d49.987844, lon\u003d9.69485]":1.1346742877075084,"GeoLocation[lat\u003d49.884161, lon\u003d10.87939]":1.1416026395694752,"GeoLocation[lat\u003d49.738433, lon\u003d10.480106]":1.1026543857248536,"GeoLocation[lat\u003d50.406563, lon\u003d10.335448]":1.1442007635482823,"GeoLocation[lat\u003d50.309739, lon\u003d9.42796]":1.1926208077904743,"GeoLocation[lat\u003d49.677924, lon\u003d9.914117]":1.1284270620865327,"GeoLocation[lat\u003d50.504228, lon\u003d9.134465]":1.0128827762879444,"GeoLocation[lat\u003d50.554461, lon\u003d9.667846]":1.1364259596697108,"GeoLocation[lat\u003d49.903912, lon\u003d10.863459]":1.0482767845446956,"GeoLocation[lat\u003d50.092995, lon\u003d10.570617]":1.1666514921611242,"GeoLocation[lat\u003d49.834016, lon\u003d9.859708]":1.1257116933086515,"GeoLocation[lat\u003d49.763638, lon\u003d10.04589]":1.1639756837567916,"GeoLocation[lat\u003d50.381342, lon\u003d9.706174]":1.1505669939062484,"GeoLocation[lat\u003d50.004296, lon\u003d10.208171]":1.1328807469307385,"GeoLocation[lat\u003d49.971197, lon\u003d10.259596]":1.1006576205220324,"GeoLocation[lat\u003d50.030052, lon\u003d10.515198]":1.111159761239872,"GeoLocation[lat\u003d49.703452, lon\u003d10.819316]":1.1111469122112276,"GeoLocation[lat\u003d50.080404, lon\u003d10.492236]":1.1446993999265203,"GeoLocation[lat\u003d49.547005, lon\u003d10.241218]":1.0585869054202635,"GeoLocation[lat\u003d50.553488, lon\u003d9.731244]":1.1120875575263816,"GeoLocation[lat\u003d50.261622, lon\u003d9.094264]":1.2469212440721882,"GeoLocation[lat\u003d49.527002, lon\u003d9.990041]":1.150854205604751,"GeoLocation[lat\u003d49.930478, lon\u003d9.22056]":1.2162960631948794,"GeoLocation[lat\u003d50.095486, lon\u003d10.567065]":1.1313288507529893,"GeoLocation[lat\u003d50.520551, lon\u003d9.324878]":1.164570267674771,"GeoLocation[lat\u003d50.089541, lon\u003d9.935722]":1.1348622860193618,"GeoLocation[lat\u003d50.532872, lon\u003d10.202949]":1.1442007635482823,"GeoLocation[lat\u003d50.254842, lon\u003d10.058017]":1.2962106128671074,"GeoLocation[lat\u003d50.324587, lon\u003d9.372001]":1.227846966889824,"GeoLocation[lat\u003d49.932727, lon\u003d10.864167]":1.1434269900003557,"GeoLocation[lat\u003d50.072982, lon\u003d8.993916]":1.225617903912443,"GeoLocation[lat\u003d49.678108, lon\u003d9.004025]":1.1104379195617589,"GeoLocation[lat\u003d50.052458, lon\u003d10.23033]":1.0787949612728542,"GeoLocation[lat\u003d50.204898, lon\u003d10.09192]":1.2346526304579157,"GeoLocation[lat\u003d49.516931, lon\u003d9.910985]":1.1898037703900373,"GeoLocation[lat\u003d49.972281, lon\u003d9.162447]":1.1552019976667276,"GeoLocation[lat\u003d50.033678, lon\u003d10.407879]":1.1477052329677173,"GeoLocation[lat\u003d50.246175, lon\u003d9.138495]":1.2399651336866628,"GeoLocation[lat\u003d50.037487, lon\u003d10.149467]":1.1399137050210661,"GeoLocation[lat\u003d49.605708, lon\u003d9.737401]":1.1604743945022034,